nombre;precio;lugar;categoria;cantidad;
Escudo nacional biografia;1;1;acontecimientos;0;
Bandera mexicana;1;2;acontecimientos;0;
Batalla de chapultepec;1;3;acontecimientos;0;
Los niños heroes biografia;1;4;acontecimientos;0;
Fusilamiento de hidalgo;1;5;acontecimientos;0;
Estandarte de hidalgo;1;6;acontecimientos;0;
Fundacion de tenochtitlan;1;7;acontecimientos;0;
Tormento a cuauhtemoc;1;8;acontecimientos;0;
Muralla china;1;9;acontecimientos;0;
Pozo petrolero;1;10;acontecimientos;0;
Alhondiga de granaditas;1;11;acontecimientos;0;
Ardilla;1;1;animales;0;
Anaconda;1;2;animales;0;
Antilope;1;3;animales;0;
Antilope africano;1;4;animales;0;
Armadillo;1;5;animales;0;
Alpaca;1;6;animales;0;
Alce;1;7;animales;0;
Armiño;1;8;animales;0;
Borrego;1;9;animales;0;
Bufalo;1;10;animales;0;
Bisonte;1;11;animales;0;
Buey;1;12;animales;0;
Burro;1;13;animales;0;
Buo;1;14;animales;0;
Caballo;1;15;animales;0;
Cebra o Zebra;1;16;animales;0;
Canguro;1;17;animales;0;
Cocodrilo;1;18;animales;0;
Cobra;1;19;animales;0;
Cebu;1;20;animales;0;
Camaleon;1;21;animales;0;
Castor;1;22;animales;0;
Coyote;1;23;animales;0;
Cabra;1;24;animales;0;
Carnero;1;25;animales;0;
Ciervo;1;26;animales;0;
Camello;1;27;animales;0;
Cerdo;1;28;animales;0;
Caiman;1;29;animales;0;
Conejo;1;30;animales;0;
Coatl;1;31;animales;0;
Chimpance;1;32;animales;0;
Chacal;1;33;animales;0;
Chinchilla;1;34;animales;0;
Dromedario;1;35;animales;0;
Erizo;1;36;animales;0;
Foca;1;37;animales;0;
Gacela;1;38;animales;0;
Gato;1;39;animales;0;
Gato montes;1;40;animales;0;
Guepardo;1;41;animales;0;
Gorila;1;42;animales;0;
Gamuza;1;43;animales;0;
Gloton;1;44;animales;0;
Hipopotamo;1;45;animales;0;
Hormiga;1;46;animales;0;
Hormiga leon;1;47;animales;0;
Hiena;1;48;animales;0;
Huron;1;49;animales;0;
Impala;1;50;animales;0;
Jirafa;1;51;animales;0;
Jaguar;1;52;animales;0;
Jabali;1;53;animales;0;
Koala;1;54;animales;0;
Lagartija;1;55;animales;0;
Leon;1;56;animales;0;
Lobo y lobo gris mexicano;1;57;animales;0;
Liebre;1;58;animales;0;
Llamas;1;59;animales;0;
Liron;1;60;animales;0;
Murcielago;1;61;animales;0;
Mulo;1;62;animales;0;
Mandril;1;63;animales;0;
Mono macaco;1;64;animales;0;
Nutri;1;65;animales;0;
Ñu;1;66;animales;0;
Ornitorrinco;1;67;animales;0;
Oso hormiguero;1;68;animales;0;
Oso pardo;1;69;animales;0;
Oso polar;1;70;animales;0;
Oso blanco;1;71;animales;0;
Orangutan;1;72;animales;0;
Ocelote;1;73;animales;0;
Oso panda;1;74;animales;0;
Poney;1;75;animales;0;
Pantera negra;1;76;animales;0;
Puma;1;77;animales;0;
Perro;1;78;animales;0;
Pangolin;1;79;animales;0;
Puerco espin;1;80;animales;0;
Perro de las praderas;1;81;animales;0;
Perro san bernardo;1;82;animales;0;
Perezoso;1;83;animales;0;
Pinguino;1;84;animales;0;
Rana;1;85;animales;0;
Rata;1;86;animales;0;
Raton;1;87;animales;0;
Rinoceronte;1;88;animales;0;
Reno;1;89;animales;0;
Sapo;1;90;animales;0;
Salamandra;1;91;animales;0;
Topo;1;92;animales;0;
Tapir;1;93;animales;0;
Toro;1;94;animales;0;
Tigre;1;95;animales;0;
Tortuga agua dulce y mar;1;96;animales;0;
Venado;1;97;animales;0;
Vaca;1;98;animales;0;
Vaca con ternero;1;99;animales;0;
Vibora;1;100;animales;0;
Vampiro;1;101;animales;0;
Yak;1;102;animales;0;
Zorrillo;1;103;animales;0;
Zorra;1;104;animales;0;
Atun;1;1;animales marinos;0;
Acocil;1;2;animales marinos;0;
Almeja;1;3;animales marinos;0;
Ajolote;1;4;animales marinos;0;
Bacalao;1;5;animales marinos;0;
Ballena;1;6;animales marinos;0;
Barracuda;1;7;animales marinos;0;
Bagre;1;8;animales marinos;0;
Cangrejo;1;9;animales marinos;0;
Charal;1;10;animales marinos;0;
Coral;1;11;animales marinos;0;
Calamar;1;12;animales marinos;0;
Cachalote;1;13;animales marinos;0;
Caballo marino;1;14;animales marinos;0;
Carpa;1;15;animales marinos;0;
Delfin;1;16;animales marinos;0;
Elefante marino;1;17;animales marinos;0;
Esponja;1;18;animales marinos;0;
Estrella de mar;1;19;animales marinos;0;
Hidra;1;20;animales marinos;0;
Erizo de mar;1;21;animales marinos;0;
Jaiba;1;22;animales marinos;0;
Ostion;1;23;animales marinos;0;
Ostra;1;24;animales marinos;0;
Ofiurido;1;25;animales marinos;0;
Pez plata;1;26;animales marinos;0;
Piraña;1;27;animales marinos;0;
Pez sierra;1;28;animales marinos;0;
Pez volador;1;29;animales marinos;0;
Pez vela;1;30;animales marinos;0;
Parago;1;31;animales marinos;0;
Pepino de mar;1;32;animales marinos;0;
Pez espada;1;33;animales marinos;0;
Pulpo;1;34;animales marinos;0;
Salmon;1;35;animales marinos;0;
Sardina;1;36;animales marinos;0;
Sanguijuela;1;37;animales marinos;0;
Trucha;1;38;animales marinos;0;
Vaquita marina;1;39;animales marinos;0;
Alcornoque;1;1;arboles;0;
Alamo;1;2;arboles;0;
Ahuehuete;1;3;arboles;0;
Alcanforero;1;4;arboles;0;
Caoba;1;5;arboles;0;
Arbol de pan;1;6;arboles;0;
Caucho;1;7;arboles;0;
Cedro;1;8;arboles;0;
Datil;1;9;arboles;0;
Cipres;1;10;arboles;0;
Eucalipto;1;11;arboles;0;
Encino;1;12;arboles;0;
Fresno;1;13;arboles;0;
Jacaranda;1;14;arboles;0;
Nogal;1;15;arboles;0;
Oyamel;1;16;arboles;0;
Olivio;1;17;arboles;0;
Pirul;1;18;arboles;0;
Pino;1;19;arboles;0;
Selva;1;20;arboles;0;
Aveztruz;1;1;aves;0;
Aguila;1;2;aves;0;
Ave del paraiso;1;3;aves;0;
Arpia;1;4;aves;0;
Buho;1;5;aves;0;
Buitre;1;6;aves;0;
Cigueña;1;7;aves;0;
Canario;1;8;aves;0;
Calandria;1;9;aves;0;
Cardenal;1;10;aves;0;
Cacatua de moño amarillo;1;11;aves;0;
Chachalaca;1;12;aves;0;
Cuervo;1;13;aves;0;
Cisne;1;14;aves;0;
Correcaminos;1;15;aves;0;
Colibri;1;16;aves;0;
Cenzontle;1;17;aves;0;
Condor;1;18;aves;0;
Chichicuilote;1;19;aves;0;
Faisan dorado;1;20;aves;0;
Faisan;1;21;aves;0;
Flamenco;1;22;aves;0;
Ganso;1;23;aves;0;
Guajolote;1;24;aves;0;
Garza;1;25;aves;0;
Guacamayo;1;26;aves;0;
Grulla coronada;1;27;aves;0;
Grulla blanca;1;28;aves;0;
Golondrina;1;29;aves;0;
Gavilan;1;30;aves;0;
Ganso canadiense;1;31;aves;0;
Gorrion;1;32;aves;0;
Gaviota;1;33;aves;0;
Halcon;1;34;aves;0;
Jilguero;1;35;aves;0;
Loro;1;36;aves;0;
Ñandu;1;37;aves;0;
Lechuza;1;38;aves;0;
Paloma;1;39;aves;0;
Pajaro carpintero;1;40;aves;0;
Papamoscas;1;41;aves;0;
Pinzon;1;42;aves;0;
Pavo real;1;43;aves;0;
Periquitos australianos;1;44;aves;0;
Petirrojo;1;45;aves;0;
Pajaro lira;1;46;aves;0;
Perdiz;1;47;aves;0;
Pelicano;1;48;aves;0;
Pato;1;49;aves;0;
Pato mandarin;1;50;aves;0;
Ruiseñor;1;51;aves;0;
Tortola europea;1;52;aves;0;
Tucan;1;53;aves;0;
Urraca;1;54;aves;0;
Quetzal;1;55;aves;0;
Zopilote;1;56;aves;0;
Gallo;1;57;aves;0;
Gallina;1;58;aves;0;
Pollito;1;59;aves;0;
Arango doroteo;1;a1;biografias;0;
Anibal barca;1;a2;biografias;0;
Alquisiras ascencio pedro;1;a3;biografias;0;
Allende salvador;1;a4;biografias;0;
Arista mariano;1;a5;biografias;0;
Asturias miguel angel;1;a6;biografias;0;
Avila camacho manuel;1;a7;biografias;0;
Abasolo mariano;1;a8;biografias;0;
Alcala macedonio;1;a9;biografias;0;
Azuela mariano;1;a10;biografias;0;
Acuña manuel;1;a11;biografias;0;
Alatriste miguel castulo;1;a12;biografias;0;
Arreola juan jose;1;a13;biografias;0;
Artigas Jose gervasio;1;a14;biografias;0;
Ariosto ludovico;1;a15;biografias;0;
Aguirre lauro;1;a16;biografias;0;
Alzate jose antonio de;1;a17;biografias;0;
Alarcon pedro antonio de;1;a18;biografias;0;
Apodaca juan ruiz de;1;a19;biografias;0;
Azorin martinez ruiz jose;1;a20;biografias;0;
Andreiev leonidas;1;a21;biografias;0;
Alvarez juan;1;a22;biografias;0;
Anaximandro;1;a23;biografias;0;
Anaximenes de mileto;1;a24;biografias;0;
Andersen hans christian;1;a25;biografias;0;
Anaya pedro maria;1;a26;biografias;0;
Aparicio sebastian de;1;a27;biografias;0;
Arriaga ponciano;1;a28;biografias;0;
Aldama juan;1;a29;biografias;0;
Arboleda julio;1;a30;biografias;0;
Aguilar fray jeronimo de;1;a31;biografias;0;
Azueta jose;1;a32;biografias;0;
Alatorre ignacio;1;a33;biografias;0;
Allende ignacio jose de;1;a34;biografias;0;
Albeniz isaaca;1;a35;biografias;0;
Aldama ignacio;1;a36;biografias;0;
Anitua fanny;1;a37;biografias;0;
Ancona eligio;1;a38;biografias;0;
Avogadro amadeo;1;a39;biografias;0;
Arguelles hugo;1;a40;biografias;0;
Arquimedes;1;a41;biografias;0;
Aristofanes;1;a42;biografias;0;
Almonte juan nepomuceno;1;a43;biografias;0;
Alaman lucas;1;a44;biografias;0;
Acamapichtli;1;a45;biografias;0;
Ahuizotl;1;a46;biografias;0;
Averroes;1;a47;biografias;0;
Assurbanipal;1;a48;biografias;0;
Angeles felipe;1;a49;biografias;0;
Axayacatl;1;a50;biografias;0;
Atila;1;a51;biografias;0;
Anaxagoras;1;a52;biografias;0;
Apolonio de perga;1;a53;biografias;0;
Aristarco de samos;1;a54;biografias;0;
Ampere andre marie;1;a55;biografias;0;
Antuño esteban;1;a56;biografias;0;
Atahualpa;1;a57;biografias;0;
Abreu gomez emilio;1;a58;biografias;0;
Alberti rafael;1;a59;biografias;0;
Alvarez pedro cabral;1;a60;biografias;0;
Arco juana de;1;a61;biografias;0;
Alejandro II de rusia;1;a62;biografias;0;
Arrhenius svant august;1;a63;biografias;0;
Alfonso X el sabio;1;a64;biografias;0;
Alfaro siqueiros david;1;a65;biografias;0;
Aleman valdez miguel;1;a66;biografias;0;
Alessio robles vito;1;a67;biografias;0;
Alcocer vidal;1;a68;biografias;0;
Alvarado salvador;1;a69;biografias;0;
Alvarado pedro de;1;a70;biografias;0;
Avila camacho maximino;1;a71;biografias;0;
Altamirano ignacio manuel;1;a72;biografias;0;
Apollinaire guillaume;1;a73;biografias;0;
Almagro diego de;1;a74;biografias;0;
Adriano publio elio;1;a75;biografias;0;
Annan kofi;1;a76;biografias;0;
Aquino santo tomas de;1;a77;biografias;0;
Bravo leonardo;1;b1;biografias;0;
Bragg sir william henry;1;b2;biografias;0;
Berlioz luis hector;1;b3;biografias;0;
Burbank luter;1;b4;biografias;0;
Belini vicente;1;b5;biografias;0;
Borlaug norman;1;b6;biografias;0;
Boyle robert;1;b7;biografias;0;
Bartok bela;1;b8;biografias;0;
Bravo nicolas;1;b9;biografias;0;
Bacon roger;1;b10;biografias;0;
Boutros boutros ghali;1;b11;biografias;0;
Boturini benaducci lorenzo;1;b12;biografias;0;
Bethe hans albretch;1;b13;biografias;0;
Becquerel henri;1;b14;biografias;0;
Brunelleschi felipe;1;b15;biografias;0;
Balakirev mili alexeievich;1;b16;biografias;0;
Berkeley george;1;b17;biografias;0;
Bergson henri;1;b18;biografias;0;
Bramante donato;1;b19;biografias;0;
Benavente toribio de;1;b20;biografias;0;
Barragan miguel;1;b21;biografias;0;
Balbuena bernardo de;1;b22;biografias;0;
Bocanegra jose maria;1;b23;biografias;0;
Baudelaire charles;1;b24;biografias;0;
Boccaccio juan;1;b25;biografias;0;
Borgia lucrecia;1;b26;biografias;0;
Bassols narciso;1;b27;biografias;0;
Bolivar simon;1;b28;biografias;0;
Beethoven ludwig von;1;b29;biografias;0;
Buda gotama;1;b30;biografias;0;
Bosch carl;1;b31;biografias;0;
Barrera juan de la;1;b32;biografias;0;
Bustamante carlos maria de;1;b33;biografias;0;
Bordet jules;1;b34;biografias;0;
Benz carl friedrich;1;b35;biografias;0;
black joseph;1;b36;biografias;0;
Bernard claudio;1;b37;biografias;0;
Brahms johames;1;b38;biografias;0;
Benavente jacinto;1;b39;biografias;0;
Beistegui concepcion;1;b40;biografias;0;
Braun wernher von;1;b41;biografias;0;
Bonilla juan crisostomo;1;b42;biografias;0;
Bosco hieronymus bosch;1;b43;biografias;0;
Borges jorge luis;1;b44;biografias;0;
Beltran enrique;1;b45;biografias;0;
Bizet jorge;1;b46;biografias;0;
Bazaine mariscal aquiles;1;b47;biografias;0;
Baz prada dr gustavo;1;b48;biografias;0;
Balderas lucas;1;b49;biografias;0;
Berthelot marcellin;1;b50;biografias;0;
Bach juan sebastian;1;b51;biografias;0;
Berzelius jons jakob;1;b52;biografias;0;
Berg alban;1;b53;biografias;0;
Barreda gabino;1;b54;biografias;0;
Borodin alexandr;1;b55;biografias;0;
Bello andres;1;b56;biografias;0;
Baca calderon esteban;1;b57;biografias;0;
Bautista ceballos juan;1;b58;biografias;0;
Breton andre;1;b59;biografias;0;
Balzac honorato de;1;b60;biografias;0;
Bondone giotto di;1;b61;biografias;0;
Becquer gustavo adolfo;1;b62;biografias;0;
Buchner eduard;1;b63;biografias;0;
Behring emil von;1;b64;biografias;0;
Bros tito josip;1;b65;biografias;0;
Bunsen robert wilhelm;1;b66;biografias;0;
Berriozabal general felipe;1;b67;biografias;0;
Bucareli y urzua antonio maria;1;b68;biografias;0;
Bustamante anastasio;1;b69;biografias;0;
Bacon francisco;1;b70;biografias;0;
Banting frederic grant;1;b71;biografias;0;
Blasco ibañez vicente;1;b72;biografias;0;
Bismarck otto von;1;b73;biografias;0;
Born max;1;b74;biografias;0;
Baroja pio;1;b75;biografias;0;
Calderon de la barca pedro;1;c1;biografias;0;
cook james;1;c2;biografias;0;
Cabot sebastian;1;c3;biografias;0;
Cayo julio cesar;1;c4;biografias;0;
Cantor georg;1;c5;biografias;0;
Carlota amalia;1;c6;biografias;0;
Cuauhtemoc;1;c7;biografias;0;
Cuitlahuac;1;c8;biografias;0;
Carranza venustiano;1;c9;biografias;0;
Cromwell oliver;1;c10;biografias;0;
Carlos III;1;c11;biografias;0;
Carlos IV;1;c12;biografias;0;
Campana de dolores;1;c13;biografias;0;
Clavijero francisco javier;1;c14;biografias;0;
Castillejo cristobal de;1;c15;biografias;0;
Contreras jesus f;1;c16;biografias;0;
Cuvier georges;1;c17;biografias;0;
Cortes hernandez;1;c18;biografias;0;
Carballido emilio;1;c19;biografias;0;
Conrad joseph;1;c20;biografias;0;
Carranza emilio;1;c21;biografias;0;
Colon cristobal;1;c22;biografias;0;
Cleopatra;1;c23;biografias;0;
Clemenceau georges;1;c24;biografias;0;
Carlomagno;1;c25;biografias;0;
Campo micros angel del campo;1;c26;biografias;0;
Cauchy agustin louis;1;c27;biografias;0;
Campanella tomasso;1;c28;biografias;0;
Curie pedro;1;c29;biografias;0;
Curie maria;1;c30;biografias;0;
Catalina de aragon;1;c31;biografias;0;
Cellini Benvenuto;1;c32;biografias;0;
Copernico nicolas;1;c33;biografias;0;
Caso antonio;1;c34;biografias;0;
Castro fidel;1;c35;biografias;0;
Centeotl;1;c36;biografias;0;
Casas fray bartolome de las;1;c37;biografias;0;
Cruz sor juana ines de la;1;c38;biografias;0;
Cardenas lazaro;1;c39;biografias;0;
Carton maro porcio;1;c40;biografias;0;
Casals pablo;1;c41;biografias;0;
Catalina II la grande;1;c42;biografias;0;
Carlos V;1;c43;biografias;0;
Carlos I de inglaterra;1;c44;biografias;0;
Casal julian del;1;c45;biografias;0;
Carpentier y valmont alejo;1;c46;biografias;0;
Corona ramon;1;c47;biografias;0;
Canalizo;1;c48;biografias;0;
Colosio luis donaldo;1;c49;biografias;0;
Corro jose justo;1;c50;biografias;0;
Coulomb charles augustin;1;c51;biografias;0;
Clausius rudolf julius;1;c52;biografias;0;
Cavendish henry;1;c53;biografias;0;
Comton arthur holly;1;c54;biografias;0;
Corneille pierre;1;c55;biografias;0;
Calderon fernando;1;c56;biografias;0;
Catulo cayo valerio;1;c57;biografias;0;
Coleridge samuel taylor;1;c58;biografias;0;
Castellanos rosario;1;c59;biografias;0;
Camarillo maria enriqueta;1;c60;biografias;0;
Clave pelegrin;1;c61;biografias;0;
Cabrera miguel;1;c62;biografias;0;
Cordero juan;1;c63;biografias;0;
Cezanne paul;1;c64;biografias;0;
Caligula;1;c65;biografias;0;
Cesar augusto octavio;1;c66;biografias;0;
Ciro el grande;1;c67;biografias;0;
Constantino I el grande;1;c68;biografias;0;
Carter james;1;c69;biografias;0;
Cousteau jacques yves;1;c70;biografias;0;
Castellanos quinto erasmo;1;c71;biografias;0;
Cervantes saavedra miguel de;1;c72;biografias;0;
Carrillo puerto felipe;1;c73;biografias;0;
Cuellar jose t;1;c74;biografias;0;
Caldas francisco jose de;1;c75;biografias;0;
Crick francis;1;c76;biografias;0;
Cela camilo jose;1;c77;biografias;0;
Carrillo julian;1;c78;biografias;0;
Cetina gutierre de;1;c79;biografias;0;
Calleja del rey felix maria;1;c80;biografias;0;
Corzo angel albino;1;c81;biografias;0;
Carrera martin;1;c82;biografias;0;
Comonfort ignacio;1;c83;biografias;0;
Colbert jean baptiste;1;c84;biografias;0;
Calvino juan;1;c85;biografias;0;
Cueva juan de la;1;c86;biografias;0;
Calmette alberto;1;c87;biografias;0;
Cannizaro Stanislao;1;c88;biografias;0;
Confucio;1;c89;biografias;0;
Cortazar julio;1;c90;biografias;0;
Campoamor ramon de;1;c91;biografias;0;
Ciceron marco julio;1;c92;biografias;0;
Chiang kai chek;1;ch1;biografias;0;
Chadwick james;1;ch2;biografias;0;
Chavez ignacio;1;ch3;biografias;0;
Chavez carlos;1;ch4;biografias;0;
Chateaubriand francois rene;1;ch5;biografias;0;
Chejov anton;1;ch6;biografias;0;
Chopin;1;ch7;biografias;0;
Chimalpopoca;1;ch8;biografias;0;
Churchil;1;ch9;biografias;0;
Dali slavador;1;d1;biografias;0;
Descartes renato;1;d2;biografias;0;
Dario ruben;1;d3;biografias;0;
Diaz miron salvador;1;d4;biografias;0;
Daguerre louis jacobo;1;d5;biografias;0;
Duchamp bilon marcel;1;d6;biografias;0;
Danton jorge jacobo;1;d7;biografias;0;
Degollado santos;1;d8;biografias;0;
Debussy claudio;1;d9;biografias;0;
Daimler gottlieb;1;d10;biografias;0;
Dominguez belisario;1;d11;biografias;0;
Donizetti cayetano;1;d12;biografias;0;
Didoret dionisio;1;d13;biografias;0;
Donatello;1;d14;biografias;0;
Demostenes;1;d15;biografias;0;
Dario I;1;d16;biografias;0;
Durero alberto;1;d17;biografias;0;
Diaz del castillo bernal;1;d18;biografias;0;
Doblado manuel;1;d19;biografias;0;
Dieguez manuel;1;d20;biografias;0;
Darwin carlos;1;d21;biografias;0;
Democrito;1;d22;biografias;0;
Dunant juan enrique;1;d23;biografias;0;
Diaz de solis juan;1;d24;biografias;0;
Diaz de vivar rodrigo;1;d25;biografias;0;
Dirac paul;1;d26;biografias;0;
Dickens charles;1;d27;biografias;0;
Dvorak anton;1;d28;biografias;0;
Dios peza juan de;1;d29;biografias;0;
Delacroix ferdinad victor;1;d30;biografias;0;
Dewar james;1;d31;biografias;0;
Delgado rafael;1;d32;biografias;0;
Debye petrus j wilhelmus;1;d33;biografias;0;
Dostoievski fiodor;1;d34;biografias;0;
Dryden john;1;d35;biografias;0;
Diesel rudolf;1;d36;biografias;0;
Diofante;1;d37;biografias;0;
Diogenes;1;d38;biografias;0;
Dalton john;1;d39;biografias;0;
Drake francis;1;d40;biografias;0;
Dumas alejandro padre;1;d41;biografias;0;
Dumas alejandro hijo;1;d42;biografias;0;
Diaz de la vega general romulo;1;d43;biografias;0;
Diaz porfirio;1;d44;biografias;0;
Esopo;1;e1;biografias;0;
Epicuro;1;e2;biografias;0;
Eyck jan van;1;e3;biografias;0;
Elcano juan sebastian;1;e4;biografias;0;
Edison thomas alva;1;e5;biografias;0;
Enrique VIII;1;e6;biografias;0;
Einstein alberto;1;e7;biografias;0;
Eijkman christian;1;e8;biografias;0;
Estrabon;1;e9;biografias;0;
Elorduy ernesto;1;e10;biografias;0;
Escutia juan;1;e11;biografias;0;
Estuardo maria;1;e12;biografias;0;
Eliot george;1;e13;biografias;0;
Echeverria francisco javier;1;e14;biografias;0;
Eisenhower dwight david;1;e15;biografias;0;
Eustachio bartolomeo;1;e16;biografias;0;
Escipion el africano;1;e17;biografias;0;
Engels federico;1;e18;biografias;0;
Esquilo;1;e19;biografias;0;
Euripides;1;e20;biografias;0;
Espronceda y delgado jose de;1;e21;biografias;0;
Ercilla y zuñiga alonso de;1;e22;biografias;0;
Elias calles plutarco;1;e23;biografias;0;
Ehrlich dr. paul;1;e24;biografias;0;
Euler leonardo;1;e25;biografias;0;
Escandon y helguera jose de;1;e26;biografias;0;
Empedocles;1;e27;biografias;0;
Eratostenes;1;e28;biografias;0;
Echeverria alvarez luis;1;e29;biografias;0;
Encina juan de la;1;e30;biografias;0;
Escobedo mariano;1;e31;biografias;0;
El catolico fernando;1;e32;biografias;0;
Euclides de alejandria;1;e33;biografias;0;
Freud sigmund;1;f1;biografias;0;
Fulton roberto;1;f2;biografias;0;
Fabre jean henri;1;f3;biografias;0;
Faraday miguel;1;f4;biografias;0;
Frobel federico;1;f5;biografias;0;
Fabela isidro;1;f6;biografias;0;
Frank cesar;1;f7;biografias;0;
Faure gabriel;1;f8;biografias;0;
Ford henry;1;f9;biografias;0;
Flaubert gustave;1;f10;biografias;0;
Franco general francisco;1;f11;biografias;0;
Fernando VII;1;f12;biografias;0;
Franklin benjamin;1;f13;biografias;0;
Fidias;1;f14;biografias;0;
Fleming;1;f15;biografias;0;
Forey general elias federico;1;f16;biografias;0;
Faulkner william;1;f17;biografias;0;
Foch fernando;1;f18;biografias;0;
Felipe II de españa;1;f19;biografias;0;
Fernando V;1;f20;biografias;0;
Fox quesada vicente;1;f21;biografias;0;
Flores manuel m;1;f22;biografias;0;
France anatole;1;f23;biografias;0;
Falopio gabriel;1;f24;biografias;0;
Flores magon ricardo;1;f25;biografias;0;
Flores magon jesus;1;f26;biografias;0;
Falla manuel de;1;f27;biografias;0;
Fra angelico;1;f28;biografias;0;
Finlay carlos juan;1;f29;biografias;0;
Fresnel augustin;1;f30;biografias;0;
Freyre ricardo jaimes;1;f31;biografias;0;
Fahrenheit gabriel daniel;1;f32;biografias;0;
Fourier joseph;1;f33;biografias;0;
Fourier charles;1;f34;biografias;0;
Fuentes carlos;1;f35;biografias;0;
Felipe leon;1;f36;biografias;0;
Fernandez de lizardi jose joaquin;1;f37;biografias;0;
Fray pedro de gante;1;f38;biografias;0;
Guerrero vicente;1;g1;biografias;0;
Gagarin yuri alexeievich;1;g2;biografias;0;
Guzman martin luis;1;g3;biografias;0;
Gomez farias valentin;1;g4;biografias;0;
Garcia jesus;1;g5;biografias;0;
Gorostiza manuel eduardo de;1;g6;biografias;0;
Gandhi indira;1;g8;biografias;0;
Gonzalez bocanegra francisco;1;g9;biografias;0;
Guemes pacheco de padilla juan vicente;1;g10;biografias;0;
Galeana hermenegildo;1;g11;biografias;0;
Galilei galileo;1;g12;biografias;0;
Gamboa federico;1;g13;biografias;0;
Graham bell alejandro;1;g14;biografias;0;
Gonzalez ortega jesus;1;g15;biografias;0;
Gutierrez najera manuel;1;g16;biografias;0;
Guevara el che ernesto;1;g17;biografias;0;
Guillen nicolas;1;g18;biografias;0;
Harmensz rembrandt;1;h1;biografias;0;
Herran saturnino;1;h2;biografias;0;
Huerta victoriano;1;h3;biografias;0;
Hobbes thomas;1;h4;biografias;0;
Humboldt alejandro;1;h5;biografias;0;
Hipona san agustin de;1;h6;biografias;0;
Heinrich rudolf hertz;1;h7;biografias;0;
Hidalgo y costilla miguel;1;h8;biografias;0;
Hesiodo;1;h9;biografias;0;
Hipocrates;1;h10;biografias;0;
Hirohito;1;h11;biografias;0;
Huitzilopochtli;1;h12;biografias;0;
Huerta adolfo de la;1;h13;biografias;0;
Hooke roberto;1;h14;biografias;0;
Haendel jorge federico;1;h15;biografias;0;
Heidegger martin;1;h16;biografias;0;
Iriarte tomas de;1;i1;biografias;0;
Ibarbourou juan de;1;i2;biografias;0;
Iturrigaray jose de;1;i3;biografias;0;
Iglesias jose maria;1;i4;biografias;0;
isabel II;1;i5;biografias;0;
isabel I;1;i6;biografias;0;
Ivan IV el terrible;1;i7;biografias;0;
Ibarguengoitia jorge;1;i8;biografias;0;
Itzcoatl;1;i9;biografias;0;
Ibsen henrik;1;i10;biografias;0;
Iturbide agustin de;1;i11;biografias;0;
Inclan luis;1;i12;biografias;0;
isocrates;1;i13;biografias;0;
isabel la catolica;1;i14;biografias;0;
Jenkins william;1;j1;biografias;0;
Jefferson thomas;1;j2;biografias;0;
Jimenez juan ramon;1;j3;biografias;0;
Joyce james;1;j4;biografias;0;
Jimenez jose mariano;1;j5;biografias;0;
Jenofonte;1;j6;biografias;0;
Juana la loca;1;j7;biografias;0;
Joffre jose jaime;1;j8;biografias;0;
Jenner eduardo;1;j9;biografias;0;
Jacono I;1;j10;biografias;0;
Jeans james hopwood;1;j11;biografias;0;
Juarez benito;1;j12;biografias;0;
Joule james prescott;1;j13;biografias;0;
justiniano I;1;j14;biografias;0;
Jesucristo;1;j15;biografias;0;
Juan pablo II karol wojtyla;1;j16;biografias;0;
Krushchev nikita;1;k1;biografias;0;
Koch roberto;1;k2;biografias;0;
Kennedy john fitzgerald;1;k3;biografias;0;
Kepler juan;1;k4;biografias;0;
Kino eusebio francisco;1;k5;biografias;0;
Kipling rudyard;1;k6;biografias;0;
Kahlo calderon frida;1;k7;biografias;0;
Kant emmanuel;1;k8;biografias;0;
Keller helen;1;k9;biografias;0;
Kafka franz;1;k10;biografias;0;
Kerenski alexandr;1;k11;biografias;0;
Kekule august;1;k12;biografias;0;
Kosiguin alexei;1;k13;biografias;0;
Krebs hans adolf;1;k14;biografias;0;
Kendall eduardo calvin;1;k15;biografias;0;
Kitasato shibasaburo;1;k16;biografias;0;
Kierkegaard soren;1;k17;biografias;0;
Lombardini manuel maria;1;l1;biografias;0;
Lutero martin;1;l2;biografias;0;
Luis XIV;1;l3;biografias;0;
Luis XV;1;l4;biografias;0;
Lopez de santana antonio;1;l5;biografias;0;
Lerdo de tejada miguel;1;l6;biografias;0;
Leon felipe;1;l7;biografias;0;
Lucas general juan francisco;1;l8;biografias;0;
Liszt franz;1;l9;biografias;0;
Laveran carlos luis;1;l10;biografias;0;
lindbergh carlos;1;l11;biografias;0;
Lehar franz;1;l12;biografias;0;
Loyola ignacio de;1;l13;biografias;0;
Lopez rayon ignacio;1;l14;biografias;0;
Lopez mateos adolfo;1;l15;biografias;0;
Lopez cotilla manuel;1;l16;biografias;0;
Lao tse;1;l17;biografias;0;
Lopez velarde ramon;1;l18;biografias;0;
Lebrija antonio de;1;l19;biografias;0;
Luis XVI;1;l20;biografias;0;
Lope de vega felix;1;l21;biografias;0;
Locke john;1;l22;biografias;0;
Luis XIII;1;l23;biografias;0;
Marco aurelio;1;m1;biografias;0;
Marco antonio;1;m2;biografias;0;
Mozart wolfwang amadeus;1;m3;biografias;0;
Mandela nelson;1;m4;biografias;0;
Malintzin;1;m5;biografias;0;
Maza de juarez margarita;1;m6;biografias;0;
Montgomery;1;m7;biografias;0;
Miramon miguel;1;m8;biografias;0;
Morelos y pavon jose maria;1;m9;biografias;0;
Maquiavelo nicolas;1;m10;biografias;0;
Mora jose maria luis;1;m11;biografias;0;
Manzoni alessandro;1;m12;biografias;0;
Monroe james;1;m13;biografias;0;
Mendoza narciso;1;m14;biografias;0;
Mariscal ignacio;1;m15;biografias;0;
Marat jean paul;1;m16;biografias;0;
Maria antonieta;1;m17;biografias;0;
Marti jose;1;m18;biografias;0;
Malpighi marcello;1;m19;biografias;0;
Marconi guillermo;1;m20;biografias;0;
Mac arthur douglas;1;m21;biografias;0;
Mahler gustav;1;m22;biografias;0;
Machado manuel;1;m23;biografias;0;
Machado antonio;1;m24;biografias;0;
Marggraf andres segismundo;1;m25;biografias;0;
Malraux andre;1;m26;biografias;0;
Montes de oca fernando;1;m27;biografias;0;
Melger agustin;1;m28;biografias;0;
Marquez francisco;1;m29;biografias;0;
Magno alejandro;1;m30;biografias;0;
Marco polo;1;m31;biografias;0;
Mendeleiev ivanovich dimitri;1;m32;biografias;0;
Moctezuma xocoyotzin;1;m33;biografias;0;
Moctezuma ilhuicamina;1;m34;biografias;0;
Madero gustavo a;1;m35;biografias;0;
Madero francisco I;1;m36;biografias;0;
Mina francisco javier;1;m37;biografias;0;
Mendelsson felix;1;m38;biografias;0;
Mendez gregorio;1;m39;biografias;0;
Mendez ortiz pedro jose;1;m40;biografias;0;
Magallanes hernando de;1;m41;biografias;0;
Michelena jose mariano;1;m42;biografias;0;
Mendez juan n;1;m43;biografias;0;
Marshall geroge catlett;1;m44;biografias;0;
Mallarme stephane;1;m45;biografias;0;
Mann thomas;1;m46;biografias;0;
Molina tirso de;1;m47;biografias;0;
Miguel angel buonarotti;1;m48;biografias;0;
Malthus thomas;1;m49;biografias;0;
Manet eduardo;1;m50;biografias;0;
Mahoma;1;m51;biografias;0;
Mao tse tung;1;m52;biografias;0;
Madrid hurtado miguel de la;1;m53;biografias;0;
Muzquiz melchor;1;m54;biografias;0;
Mendoza antonio de;1;m55;biografias;0;
Matamoros mariano;1;m56;biografias;0;
Novo salvador;1;n1;biografias;0;
Niepce nicephore;1;n2;biografias;0;
Negrete general don miguel;1;n3;biografias;0;
Narvaes panfilo de;1;n4;biografias;0;
Nostradumus miguel de;1;n5;biografias;0;
Netzahualcoyotl;1;n6;biografias;0;
Newton isaac;1;n7;biografias;0;
Nuno jaime;1;n8;biografias;0;
Nervo amado;1;n9;biografias;0;
Nuñez cabeza de vaca alvar;1;n10;biografias;0;
Newlands john alexander;1;n11;biografias;0;
Nernst walther;1;n12;biografias;0;
Neruda pablo;1;n13;biografias;0;
Nietzsche federico;1;n14;biografias;0;
Neumann johon von;1;n15;biografias;0;
Napier john;1;n16;biografias;0;
Nelson horacio;1;n17;biografias;0;
Nabucodonosor II;1;n18;biografias;0;
Nehru jawaharlal;1;n19;biografias;0;
Nuñez de balboa vasco;1;n20;biografias;0;
Nobel alfredo bernardo;1;n21;biografias;0;
Nightinggale florencia;1;n22;biografias;0;
Nixon richard milhous;1;n23;biografias;0;
Neron;1;n24;biografias;0;
Nicolas II;1;n25;biografias;0;
Napoleon III;1;n26;biografias;0;
North whitehead;1;n27;biografias;0;
Ocampo melchor;1;o1;biografias;0;
Othon manuel jose;1;o2;biografias;0;
Ortiz de dominguez josefa;1;o3;biografias;0;
Ortiz rubio pascual;1;o4;biografias;0;
Obregon alvaro;1;o5;biografias;0;
Oparin alexandr ivanovich;1;o6;biografias;0;
Ordaz diego de;1;o7;biografias;0;
Olid cristobal de;1;o8;biografias;0;
o higgins bernardo;1;o9;biografias;0;
o donoju juan;1;o10;biografias;0;
Ostwald wilhelm;1;o11;biografias;0;
Ohm georg simon;1;o12;biografias;0;
Ortega y gasset jose;1;o13;biografias;0;
Offenbach jacques;1;o14;biografias;0;
Oersted hans christian;1;o15;biografias;0;
Owen roberto;1;o16;biografias;0;
Orozco y berra manuel;1;o17;biografias;0;
Ojinaga castañeda manuel;1;o18;biografias;0;
Ochoterena isaac;1;o19;biografias;0;
Ovidio nason publio;1;o20;biografias;0;
oppenheimer julius robert;1;o21;biografias;0;
Olavarria y ferrari enrique;1;o22;biografias;0;
Orozco pascual;1;o23;biografias;0;
Orozco jose clemente;1;o24;biografias;0;
Platon;1;p1;biografias;0;
Pisistrato;1;p2;biografias;0;
Ponce manuel m;1;p3;biografias;0;
Peña y peña manuel de;1;p4;biografias;0;
Planck max;1;p5;biografias;0;
Pasteur luis;1;p6;biografias;0;
Prim y prats general juan;1;p7;biografias;0;
Paganini nicolas;1;p8;biografias;0;
Pestalozzi juan enrique;1;p9;biografias;0;
Pino suarez jose maria;1;p10;biografias;0;
Prescott joule james;1;p11;biografias;0;
Priestley joseph;1;p12;biografias;0;
Prieto guillermo;1;p13;biografias;0;
Pellicer carlos;1;p14;biografias;0;
Pedro I el grande romanof;1;p15;biografias;0;
Pipila;1;p16;biografias;0;
Pascal blas;1;p17;biografias;0;
Petain enrique felipe;1;p18;biografias;0;
Pare ambroise;1;p19;biografias;0;
Primo de verdad y ramos francisco;1;p20;biografias;0;
Posada aguilar jose guadalupe;1;p21;biografias;0;
Pinzon martin alonso;1;p22;biografias;0;
Paz octavio;1;p23;biografias;0;
Peon y contreras jose;1;p24;biografias;0;
Portugal enrique de;1;p25;biografias;0;
Perugino pedro vannucci;1;p26;biografias;0;
Peña nieto enrique;1;p27;biografias;0;
Quetzalcotal;1;q1;biografias;0;
Quintana roo andres;1;q2;biografias;0;
Quiroga vasco de;1;q3;biografias;0;
Quesnay francois;1;q4;biografias;0;
Quevedo y villegas francisco de;1;q5;biografias;0;
Quevedo miguel angel de;1;q6;biografias;0;
Rendon serapio;1;r1;biografias;0;
Revueltas silvestre;1;r2;biografias;0;
Ravel maurice;1;r3;biografias;0;
Robespierre maximiliano;1;r4;biografias;0;
Rosas juventino;1;r5;biografias;0;
Rolon jose;1;r6;biografias;0;
Rameau juan felipe;1;r7;biografias;0;
Reyes heroles jesus;1;r8;biografias;0;
Rabelais francisco;1;r9;biografias;0;
Rebsamen enrique;1;r10;biografias;0;
Rommel edwin;1;r11;biografias;0;
Roosevelt franklin delano;1;r12;biografias;0;
Rivera diego;1;r13;biografias;0;
Rotterdam erasmo de;1;r14;biografias;0;
Rodriguez abelardo;1;r16;biografias;0;
Ramsay william;1;r17;biografias;0;
Saligny Dubois de;1;s1;biografias;0;
Santos chocano;1;s2;biografias;0;
Socrates;1;s3;biografias;0;
Sofocles;1;s4;biografias;0;
Suarez vicente;1;s5;biografias;0;
Solon;1;s6;biografias;0;
Serdan alatriste aquiles;1;s7;biografias;0;
Sahagun fray bernardino de;1;s8;biografias;0;
Salomon;1;s9;biografias;0;
Schopenhauer arthur;1;s10;biografias;0;
Sarmiento domingo faustino;1;s11;biografias;0;
Salk jonas edward;1;s12;biografias;0;
Sierra justo;1;s13;biografias;0;
Scheler max;1;s14;biografias;0;
Tizoc;1;t1;biografias;0;
Tezozomoc;1;t2;biografias;0;
Tlaloc;1;t3;biografias;0;
Tezcatlipoca;1;t4;biografias;0;
Tiziano vecellio;1;t5;biografias;0;
Treviño jeronimo;1;t6;biografias;0;
Thomson joseph john;1;t7;biografias;0;
Toulouse lautrec henri de;1;t8;biografias;0;
Teresa de mier fray servando;1;t9;biografias;0;
Tamayo rufino;1;t10;biografias;0;
Tolomeo I soter;1;t11;biografias;0;
Truman harry s;1;t12;biografias;0;
Torres quintero gregorio;1;t13;biografias;0;
Torres bodet jaime;1;t14;biografias;0;
Tolsa manuel;1;t15;biografias;0;
Tolsti leon;1;t16;biografias;0;
Tenoch;1;t17;biografias;0;
Tolomeo claudio;1;t18;biografias;0;
Tzara tristan;1;t19;biografias;0;
Twain mark;1;t20;biografias;0;
Thomson george paget;1;t21;biografias;0;
Thompson benjamin;1;t22;biografias;0;
Tucides;1;t23;biografias;0;
Tyndall john;1;t25;biografias;0;
Taylor general zacarias;1;t26;biografias;0;
Tchaikowsky peter ilyich;1;t27;biografias;0;
Timoshenko;1;t28;biografias;0;
Teodosio I el grande;1;t29;biografias;0;
Tiberio;1;t30;biografias;0;
Teran paredo jesus;1;t31;biografias;0;
Torricelli evangelista;1;t32;biografias;0;
Temistocles;1;t33;biografias;0;
Tesla nicolas;1;t34;biografias;0;
Tresguerras francisco eduardo;1;t35;biografias;0;
Tintoretto jacobo robusti;1;t36;biografias;0;
Tagore rabindranath;1;t37;biografias;0;
Turgueniev ivan;1;t38;biografias;0;
Talamantes fray melchor de;1;t39;biografias;0;
Thomson kelvin william;1;t40;biografias;0;
Tycho brahe;1;t41;biografias;0;
La madre teresa de calcuta;1;t42;biografias;0;
Ulpio trajano;1;u1;biografias;0;
Usigli rodolfo;1;u2;biografias;0;
Uruchurtu ernesto;1;u3;biografias;0;
Urey harold clayton;1;u4;biografias;0;
Urbina luis;1;u5;biografias;0;
Vanegas francisco javier;1;v1;biografias;0;
Valera juan;1;v2;biografias;0;
Vallarta luis ignacio;1;v3;biografias;0;
Vargas llosa mario;1;v4;biografias;0;
Velasco luis de marques de salinas;1;v5;biografias;0;
Velasco luis de el primero;1;v6;biografias;0;
Vera cruz fray alonso de la;1;v7;biografias;0;
Valencia martin de;1;v8;biografias;0;
Verdi jose;1;v9;biografias;0;
Vasconcelos jose;1;v10;biografias;0;
Velazquez diego de;1;v11;biografias;0;
Villanueva felipe;1;v12;biografias;0;
Vespucio americo;1;v13;biografias;0;
Van dyck antonio;1;v14;biografias;0;
Vega garcilaso de la;1;v15;biografias;0;
Victoria guadalupe;1;v16;biografias;0;
Vasco de gama;1;v17;biografias;0;
Vicario leona;1;v18;biografias;0;
Vesalio andres;1;v19;biografias;0;
Van hoff jacobus henricus;1;v20;biografias;0;
Van gogh vincent;1;v21;biografias;0;
Van leeuwenhoek antonio;1;v22;biografias;0;
Valle arizpe artemio del;1;v23;biografias;0;
Valle leandro;1;v24;biografias;0;
Vertiz jose maria;1;v25;biografias;0;
Verones pablo;1;v26;biografias;0;
Velasco jose maria;1;v27;biografias;0;
Verne julio;1;v28;biografias;0;
Valle inclan ramon;1;v29;biografias;0;
Vallejo cesar;1;v30;biografias;0;
Virgilio;1;v31;biografias;0;
Voltaire;1;v32;biografias;0;
Vespasiano tito flavio;1;v33;biografias;0;
Villaurrutia xavier;1;v34;biografias;0;
Washington irving;1;w1;biografias;0;
Wagner wilbelm richard;1;w2;biografias;0;
Watson james dewey;1;w3;biografias;0;
Washington george;1;w4;biografias;0;
Watt james;1;w5;biografias;0;
Wordsworth william;1;w6;biografias;0;
Wollaston william hyde;1;w7;biografias;0;
Wright wilbur y orville;1;w8;biografias;0;
Walt disney;1;w9;biografias;0;
Wegener alfred;1;w10;biografias;0;
Wiener norbert;1;w11;biografias;0;
Wiener alexander;1;w12;biografias;0;
Wilson woodrow;1;w13;biografias;0;
Wycliffe juan;1;w14;biografias;0;
weber carl maria von;1;w15;biografias;0;
Wilde oscar;1;w16;biografias;0;
Wolf virginia;1;w17;biografias;0;
Wellington arthur w;1;w18;biografias;0;
Xicontencatl felipe santiago;1;x1;biografias;0;
Xicontencatl;1;x2;biografias;0;
Xochitl;1;x3;biografias;0;
Yañez agustin;1;y1;biografias;0;
Yañez vicente;1;y2;biografias;0;
Zapata emiliano;1;z1;biografias;0;
Zuazua juan;1;z2;biografias;0;
Zenon de citio;1;z3;biografias;0;
Zenon de elea;1;z4;biografias;0;
Zedillo ponce de leon ernesto;1;z5;biografias;0;
Zwinglio ulrich;1;z6;biografias;0;
Zarco francisco;1;z7;biografias;0;
Zuloaga felix maria;1;z8;biografias;0;
Zorrila de san martin juan;1;z9;biografias;0;
Zaragoza ignacio;1;z10;biografias;0;
Zola emilio;1;z11;biografias;0;
Zumarraga fray juan de;1;z12;biografias;0;
Zeppelin ferdinand;1;z13;biografias;0;
Zweig satefan;1;z14;biografias;0;
Zubiran salvador;1;z15;biografias;0;
Avena;1;1;comestibles;0;
Ajonjoli;1;2;comestibles;0;
Amaranto;1;3;comestibles;0;
Almendro;1;4;comestibles;0;
Aguacate;1;5;comestibles;0;
Ajo;1;6;comestibles;0;
Apio;1;7;comestibles;0;
Acelga;1;8;comestibles;0;
Alfalfa;1;9;comestibles;0;
Aroz;1;10;comestibles;0;
Anis;1;11;comestibles;0;
Alcachofa;1;12;comestibles;0;
Avellana;1;13;comestibles;0;
Chirimoya;1;14;comestibles;0;
Cerezas;1;15;comestibles;0;
Canela;1;16;comestibles;0;
Centeno;1;17;comestibles;0;
Cebada;1;18;comestibles;0;
Caña de azucar;1;19;comestibles;0;
Cebolla;1;20;comestibles;0;
Cacahuate;1;21;comestibles;0;
Coliflor;1;22;comestibles;0;
Cafe;1;23;comestibles;0;
Camote;1;24;comestibles;0;
Col;1;25;comestibles;0;
Clavo;1;26;comestibles;0;
Calabaza;1;27;comestibles;0;
Cacao;1;28;comestibles;0;
Castaño;1;29;comestibles;0;
Chayote;1;30;comestibles;0;
Chilacayote;1;31;comestibles;0;
Coco;1;32;comestibles;0;
Ciruelas;1;33;comestibles;0;
Cilantro/perejil;1;34;comestibles;0;
Chile;1;35;comestibles;0;
Chicharo;1;36;comestibles;0;
Chabacano;1;37;comestibles;0;
Durazno;1;38;comestibles;0;
Cecilia;1;39;comestibles;0;
Frijol;1;40;comestibles;0;
Espinaca;1;41;comestibles;0;
Fresa;1;42;comestibles;0;
Frambuesa;1;43;comestibles;0;
Granada;1;44;comestibles;0;
Garbanzo;1;45;comestibles;0;
Guayaba;1;46;comestibles;0;
Grosella;1;47;comestibles;0;
Higo;1;48;comestibles;0;
Huizache;1;49;comestibles;0;
Haba;1;50;comestibles;0;
Jamaica;1;51;comestibles;0;
Jitomate;1;52;comestibles;0;
Jicama;1;53;comestibles;0;
Lenteja;1;54;comestibles;0;
Kiwi;1;55;comestibles;0;
Lechuga;1;56;comestibles;0;
Lima;1;57;comestibles;0;
Maiz;1;58;comestibles;0;
Membrillo;1;59;comestibles;0;
Mamey;1;60;comestibles;0;
Melon;1;61;comestibles;0;
Mango;1;62;comestibles;0;
Mandarina;1;63;comestibles;0;
Nopal;1;64;comestibles;0;
Manzana;1;65;comestibles;0;
Nispero;1;66;comestibles;0;
Nuez;1;67;comestibles;0;
Naranja;1;68;comestibles;0;
Nabo;1;69;comestibles;0;
Pera;1;70;comestibles;0;
Pitahaya;1;71;comestibles;0;
Papa;1;72;comestibles;0;
Pepino;1;73;comestibles;0;
Papaya;1;74;comestibles;0;
Piña;1;75;comestibles;0;
Pimienta;1;76;comestibles;0;
Piñon;1;77;comestibles;0;
Platano;1;78;comestibles;0;
Oregano;1;79;comestibles;0;
Rabano;1;80;comestibles;0;
Remolocha;1;81;comestibles;0;
Tabaco;1;82;comestibles;0;
Sandia;1;83;comestibles;0;
Tejocote;1;84;comestibles;0;
Toronja;1;85;comestibles;0;
Trigo;1;86;comestibles;0;
Tuna;1;87;comestibles;0;
Tomate verde;1;88;comestibles;0;
Tamarindo;1;89;comestibles;0;
Vainilla;1;90;comestibles;0;
Uvas;1;91;comestibles;0;
Zanahoria;1;92;comestibles;0;
Quelite;1;93;comestibles;0;
Zapote;1;94;comestibles;0;
Brontosaurio;1;1;dinosaurios;0;
Estegosaurio;1;2;dinosaurios;0;
Amapola;1;1;flores;0;
Azafran;1;2;flores;0;
Alheli;1;3;flores;0;
Aretillo;1;4;flores;0;
Azucena;1;5;flores;0;
Azalea;1;6;flores;0;
Algodon;1;7;flores;0;
Alcatraz;1;8;flores;0;
Alga;1;9;flores;0;
Alpiste;1;10;flores;0;
Arnica;1;11;flores;0;
Alcaparra;1;12;flores;0;
Biznaga;1;13;flores;0;
Bambu;1;14;flores;0;
Berro;1;15;flores;0;
Belladona;1;16;flores;0;
Begonia;1;17;flores;0;
Bugambilia;1;18;flores;0;
Cañamo;1;19;flores;0;
Cicuta;1;20;flores;0;
Cacto;1;21;flores;0;
Clavel;1;22;flores;0;
Crisantemo;1;23;flores;0;
Camelia;1;24;flores;0;
Cempasuchil;1;25;flores;0;
Dalia;1;26;flores;0;
Diente de leon;1;27;flores;0;
Flor del aire;1;28;flores;0;
Gladiolos;1;29;flores;0;
Gardenia;1;30;flores;0;
Geranio;1;31;flores;0;
Girasol;1;32;flores;0;
Hongos biografia;1;33;flores;0;
Hierbabuena;1;34;flores;0;
Hiedra;1;35;flores;0;
Helecho;1;36;flores;0;
Henequen;1;37;flores;0;
Jazmin;1;38;flores;0;
Lirio;1;39;flores;0;
Liquenes;1;40;flores;0;
Lino;1;41;flores;0;
Laurel;1;42;flores;0;
Magnolia;1;43;flores;0;
Margarita;1;44;flores;0;
Musgo;1;45;flores;0;
Maguey;1;46;flores;0;
Nochebuena;1;47;flores;0;
Manzanilla;1;48;flores;0;
Narciso;1;49;flores;0;
Nardo;1;50;flores;0;
Nopalillo;1;51;flores;0;
Orquidia;1;52;flores;0;
Pensamiento;1;53;flores;0;
Pasionera;1;54;flores;0;
Papalo de rio;1;55;flores;0;
Papaloquelite;1;56;flores;0;
Rosas;1;57;flores;0;
Roble;1;58;flores;0;
Sabila;1;59;flores;0;
Sauce;1;60;flores;0;
Tulipan de holanda;1;61;flores;0;
Verdolaga;1;62;flores;0;
Violeta;1;63;flores;0;
Yute;1;64;flores;0;
Republica mexicana con nombres;1;1;mapas;0;
Republica mexicana sin nombres;1;1;mapas;0;
Republica mexicana contorno;1;2;mapas;0;
Republica mexicana climas;1;3;mapas;0;
Republica mexicana orografia con nombres;1;4;mapas;0;
Republica mexicana orografia sin nombres;1;4;mapas;0;
Republica mexicana hidrografia con nombres;1;5;mapas;0;
Republica mexicana hidrografia sin nombres;1;5;mapas;0;
America con nombres;1;6;mapas;0;
America sin nombres;1;6;mapas;0;
America contorno;1;7;mapas;0;
America orografia con nombres;1;8;mapas;0;
America orografia sin nombres;1;8;mapas;0;
America hidrografia con nombres;1;9;mapas;0;
America hidrografia sin nombres;1;9;mapas;0;
America del sur contorno;1;10;mapas;0;
America del norte con nombres;1;11;mapas;0;
America del norte sin nombres;1;11;mapas;0;
America del norte contorno;1;12;mapas;0;
America del sur con nombres;1;13;mapas;0;
America del sur sin nombres;1;13;mapas;0;
America central con nombres;1;14;mapas;0;
America central sin nombres;1;14;mapas;0;
America central contorno;1;15;mapas;0;
Africa con nombres;1;16;mapas;0;
Africa sin nombres;1;16;mapas;0;
Africa contorno;1;17;mapas;0;
Africa orografia con nombres;1;18;mapas;0;
Africa orografia sin nombres;1;18;mapas;0;
Africa hidrografia con nombres;1;19;mapas;0;
Africa hidrografia sin nombres;1;19;mapas;0;
Asia con nombres;1;20;mapas;0;
Asia sin nombres;1;20;mapas;0;
Asia contorno;1;21;mapas;0;
Asia hidrografia con nombres;1;22;mapas;0;
Asia hidrografia sin nombres;1;22;mapas;0;
Asia orografia con nombres;1;23;mapas;0;
Asia orografia sin nombres;1;23;mapas;0;
Planisferio con nombres;1;24;mapas;0;
Planisferio sin nombres;1;24;mapas;0;
Planisferio contorno;1;25;mapas;0;
Mapamundi con nombres;1;26;mapas;0;
Mapamundi sin nombres;1;26;mapas;0;
Planisferio usos horarios con nombres;1;27;mapas;0;
Planisferio usos horarios sin nombres;1;27;mapas;0;
Planisferio hidrografia con nombres;1;28;mapas;0;
Planisferio hidrografia sin nombres;1;28;mapas;0;
Planisferio orografia con nombres;1;29;mapas;0;
Planisferio orografia sin nombres;1;29;mapas;0;
Planisferio meridianos y paralelos sin nombres;1;30;mapas;0;
Planisferio meridianos y paralelos con nombres;1;30;mapas;0;
Estado de Mexico con nombres;1;31;mapas;0;
Estado de Mexico sin nombres;1;31;mapas;0;
Distrito federal con nombres;1;32;mapas;0;
Distrito federal sin nombres;1;32;mapas;0;
Oceania contorno;1;33;mapas;0;
Oceania con nombres;1;34;mapas;0;
Oceania sin nombres;1;34;mapas;0;
Europa contorno;1;35;mapas;0;
Europa orografia con nombres;1;36;mapas;0;
Europa orografia sin nombres;1;36;mapas;0;
Europa hidrografia con nombres;1;37;mapas;0;
Europa hidrografia sin nombres;1;37;mapas;0;
Europa con nombres;1;38;mapas;0;
Europa sin nombres;1;38;mapas;0;
Continente euroasiatico africano con nombres;1;39;mapas;0;
Continente euroasiatico africano sin nombres;1;39;mapas;0;
Estados unidos de america con nombres;1;40;mapas;0;
Estados unidos de america sin nombres;1;40;mapas;0;
Abecedario - tablas de multiplicar;3;41;mapas;0;
Amiba;1;1;microorganismos;0;
Penicilina;1;2;microorganismos;0;
Celula vegetal biografia;1;3;microorganismos;0;
Celula Animal biografia;1;4;microorganismos;0;
Euglena;1;5;microorganismos;0;
Estreptococo;1;6;microorganismos;0;
Rotifero sesil;1;7;microorganismos;0;
Rotifero depredador;1;8;microorganismos;0;
Aparato respiratorio;3;a3;monografias;0;
Aparato reproductor masculino;3;a1;monografias;0;
Aparato reproductor femenino;3;a2;monografias;0;
Aparato circulatorio;3;a4;monografias;0;
Aparato digestivo;3;a5;monografias;0;
Aparato lacrimal;3;a6;monografias;0;
Aparato urinario (absorcion);3;a7;monografias;0;
Absorcion;3;a8;monografias;0;
Animales salvajes;3;a9;monografias;0;
Anatomia de paloma;3;a10;monografias;0;
Arboles y sus derivados;3;a11;monografias;0;
Artico y antartico;3;a12;monografias;0;
Anatomia de los peces y sus derivados;3;a13;monografias;0;
Anatomia del conejo y sus derivados;3;a14;monografias;0;
Abeja y sus derivados;3;a15;monografias;0;
Aves;3;a16;monografias;0;
Carnivoros y herbivoros;3;a17;monografias;0;
Herbivoros y carnivoros;3;a18;monografias;0;
Animales carnivoros;3;a19;monografias;0;
Animales Herbivoros;3;a20;monografias;0;
Animales y plantas unicelulares y pluricelurares;3;a21;monografias;0;
Anfibios;3;a22;monografias;0;
Animales acuaticos;3;a23;monografias;0;
Animales acuaticos y plantas acuaticas;3;a24;monografias;0;
Animales en peligro de extincion;3;a25;monografias;0;
Animales prehistoricos;3;a26;monografias;0;
Animales utiles al hombre;3;a27;monografias;0;
Animales domesticos;3;a28;monografias;0;
Asia politico;3;a29;monografias;0;
Arbol genealogico;3;a30;monografias;0;
America del norte;3;a31;monografias;0;
America central;3;a32;monografias;0;
Alimentos de origen animal y vegetal;3;a33;monografias;0;
Alimentacion (16 de octubre);3;a34;monografias;0;
Alcoholismo y tabaquismo;3;a35;monografias;0;
Adicciones;3;a36;monografias;0;
Astronomia;3;a37;monografias;0;
Actividades economicas;3;a38;monografias;0;
Accidentes y sus consecuencias;3;a39;monografias;0;
Anorexia;3;a40;monografias;0;
Analfabetismo;3;a41;monografias;0;
Alfabetizacion;3;a42;monografias;0;
Acidos nucleicos ( ADN y ARN );3;a43;monografias;0;
Aborto;3;a44;monografias;0;
Artes y oficios 1;3;a45;monografias;0;
Absolutismo;3;a46;monografias;0;
Artes y oficios 2;3;a47;monografias;0;
Artes y oficios 3;3;a48;monografias;0;
Abecedarios;3;a49;monografias;0;
Abecedario(ingles-español);3;a50;monografias;0;
Aparatos domesticos;3;a51;monografias;0;
Aparatos domesticos modernos;3;a52;monografias;0;
Arte neoclasico;3;a53;monografias;0;
Artes plasticas;3;a54;monografias;0;
Artesanias mexicanas;3;a55;monografias;0;
Arte prehistorico;3;a56;monografias;0;
Algebra;3;a57;monografias;0;
Acustic;3;a58;monografias;0;
Agua y sus propiedades;3;a59;monografias;0;
Abastecimiento y deshecho del agua;3;a60;monografias;0;
Agua y vida;3;a61;monografias;0;
Agricultura;3;a62;monografias;0;
Aparatos de medicion;3;a63;monografias;0;
Agua tipos purificacion y reciclaje;3;a64;monografias;0;
Batalla del 5 de mayo;3;b1;monografias;0;
Batalla 2 de abril;3;b2;monografias;0;
Biodiversidad;3;b3;monografias;0;
Bosque tropical selva;3;b4;monografias;0;
Bellas artes musica;3;b5;monografias;0;
Bellas artes danza;3;b6;monografias;0;
Bellas artes teatro;3;b7;monografias;0;
Bellas artes pintura;3;b8;monografias;0;
Banderas del mundo africa;3;b9;monografias;0;
Banderas del mundo europa oceania;3;b10;monografias;0;
Banderas del mundo america;3;b11;monografias;0;
Banderas del mundo asia africa;3;b12;monografias;0;
Bellas artes;3;b13;monografias;0;
Benito juarez;3;b14;monografias;0;
Benito juarez 21 marzo;3;b15;monografias;0;
Benito juarez natalicio;3;b16;monografias;0;
Bandera nacional;3;b17;monografias;0;
Banderas de mexico;3;b18;monografias;0;
Borrego y sus derivados;3;b19;monografias;0;
Babilonia;3;b20;monografias;0;
Barbaros;3;b21;monografias;0;
Bandas engranes poleas;3;b22;monografias;0;
Bosque conifero mixto;3;b23;monografias;0;
Bosque caducifolio hojas caedizas;3;b24;monografias;0;
Basura organica inorganica;3;b25;monografias;0;
Basura;3;b26;monografias;0;
Bellas artes arquitectura;3;b27;monografias;0;
Bellas artes escultura;3;b28;monografias;0;
Basket ball y volley ball;3;b29;monografias;0;
Bullying acoso escolar;3;b30;monografias;0;
Como se origina la vida;3;c1;monografias;0;
Cristianismo;3;c2;monografias;0;
Cultivo y barbecho;3;c3;monografias;0;
Cristaleria de laboratorio;3;c4;monografias;0;
Constitucion y moldeado de la corteza terrestre;3;c5;monografias;0;
Colores;3;c6;monografias;0;
Cerebro y medula espinal;3;c7;monografias;0;
Calendario azteca;3;c8;monografias;0;
Constituciones de mexico;3;c9;monografias;0;
Constitucion 1917 5 de febrero;3;c10;monografias;0;
Colonia;3;c11;monografias;0;
Colonialismo;3;c12;monografias;0;
Cid campeador;3;c13;monografias;0;
Circo;3;c14;monografias;0;
Ciencia y tecnologia;3;c15;monografias;0;
Ciencia y sociedad;3;c16;monografias;0;
Como vive el hombre en el desierto y el tropico;3;c17;monografias;0;
Ciclo de nitrogeno;3;c18;monografias;0;
Cadenas alimentaciones;3;c19;monografias;0;
Cadenas alimenticias 2;3;c20;monografias;0;
Celulas y tejidos;3;c21;monografias;0;
Celula;3;c22;monografias;0;
Celula vegetal;3;c23;monografias;0;
Celula animal;3;c24;monografias;0;
Caballo y sus derivados;3;c25;monografias;0;
Cabra y sus derivados;3;c26;monografias;0;
Cerdo y sus derivados;3;c27;monografias;0;
Cancer;3;c28;monografias;0;
Compuestos quimicos;3;c29;monografias;0;
Constelaciones y mapas celestes;3;c30;monografias;0;
Cuerpo humano;3;c31;monografias;0;
Cuerpo humano preescolar;3;c32;monografias;0;
Capitalismo;3;c33;monografias;0;
Craneo;3;c34;monografias;0;
Climas del mundo;3;c35;monografias;0;
Climas de mexico;3;c36;monografias;0;
Cientificos 1;3;c37;monografias;0;
Cientificos 2;3;c38;monografias;0;
Cientificos 3;3;c39;monografias;0;
Cientificos 4;3;c40;monografias;0;
Conquista de mexico 1;3;c41;monografias;0;
Conquista de mexico 2;3;c42;monografias;0;
Conquista de mexico 3;3;c43;monografias;0;
Conquistadorers de america;3;c44;monografias;0;
Contaminacion del agua;3;c45;monografias;0;
Contaminacion del suelo;3;c46;monografias;0;
Contaminacion y cuidados del medio ambiente;3;c47;monografias;0;
Contaminacion de la biosfera;3;c48;monografias;0;
Computacion e informatica;3;c49;monografias;0;
Cinco reinos de la biologia;3;c50;monografias;0;
Elementos de la computadora;3;c51;monografias;0;
Elementos de la computadora 2;3;c52;monografias;0;
Computadora y sus partes;3;c53;monografias;0;
Camara fotografica;3;c54;monografias;0;
Coras y huicholes;3;c55;monografias;0;
Cultura norte aridoamerica oasisamerica;3;c56;monografias;0;
Cultura romana;3;c57;monografias;0;
Cultura romana 1;3;c58;monografias;0;
Cultura romana 2;3;c59;monografias;0;
Cultura romana 3;3;c60;monografias;0;
Cultura mixteca 1;3;c61;monografias;0;
Cultura mixteca 2;3;c62;monografias;0;
Cultura olmeca tolteca;3;c63;monografias;0;
Cultura inca;3;c64;monografias;0;
Cultura tarasca;3;c65;monografias;0;
Cultuta totonaca;3;c66;monografias;0;
Cultura azteca;3;c67;monografias;0;
Cultura griega;3;c68;monografias;0;
Cultura cholula xochicalco;3;c69;monografias;0;
Cultura xochicalco;3;c70;monografias;0;
Cultura maya;3;c71;monografias;0;
Cultura zapoteca;3;c72;monografias;0;
Cultura china;3;c73;monografias;0;
Cultura china 2;3;c74;monografias;0;
Cultura asiria mesopotamia;3;c75;monografias;0;
Cultura precolombina;3;c76;monografias;0;
Cultura arabe;3;c77;monografias;0;
Cultura huasteca;3;c78;monografias;0;
Nueva india;3;c79;monografias;0;
Cultura india;3;c80;monografias;0;
Chichimecas;3;c81;monografias;0;
Cultura chichimeca;3;c82;monografias;0;
Sumerios;3;c83;monografias;0;
Cultura sumeria;3;c84;monografias;0;
Egipto;3;c85;monografias;0;
Cultura egipcia;3;c86;monografias;0;
Conservacion de la energia;3;c87;monografias;0;
Combustion;3;c88;monografias;0;
Capa de ozono;3;c89;monografias;0;
Evolucion medios comunicacion;3;c90;monografias;0;
Culturas prehistoricas mexico;3;c91;monografias;0;
Cultura teotihuacana;3;c92;monografias;0;
Coronavirus;3;c93;monografias;0;
Desastres naturales;3;d1;monografias;0;
Democracia;3;d2;monografias;0;
Digestion;3;d3;monografias;0;
Desarrollo humano;3;d4;monografias;0;
Derechos humanos;3;d5;monografias;0;
Derechos de los niños;3;d6;monografias;0;
Deportes 1;3;d7;monografias;0;
Deportes natacion;3;d8;monografias;0;
Dulces mexicanos;3;d9;monografias;0;
Desiertos;3;d10;monografias;0;
Danzas tipicas regionales mexicanas;3;d11;monografias;0;
Distrito federal;3;d12;monografias;0;
Deuda externa;3;d13;monografias;0;
Distibucion de la fauna;3;d14;monografias;0;
Distribucion de la fauna mundo;3;d15;monografias;0;
Distribucion de la fauna mundo 2;3;d16;monografias;0;
Distribucion de la flora;3;d17;monografias;0;
Dia y noche;3;d18;monografias;0;
Drogas y drogadiccion;3;d19;monografias;0;
Delicuencia juvenil;3;d20;monografias;0;
Descubrimiento de america;3;d21;monografias;0;
Descubriemiento de america 2;3;d22;monografias;0;
Descubriemiento de america 3;3;d23;monografias;0;
Dia del maestro;3;d24;monografias;0;
Ley federal del trabajo;3;d25;monografias;0;
Dia del trabajo;3;d26;monografias;0;
Dia amor y amistad;3;d27;monografias;0;
Dia de muertos;3;d28;monografias;0;
Dia del ejercito;3;d29;monografias;0;
Dia de la marina;3;d30;monografias;0;
Dia del padre;3;d31;monografias;0;
Dia de la madre;3;d32;monografias;0;
Dientes;3;d33;monografias;0;
Dia internacional paz 21 septiembre;3;d34;monografias;0;
Eclipses;3;e1;monografias;0;
Europa politico;3;e2;monografias;0;
Esclavitud;3;e3;monografias;0;
Educacion sexual;3;e4;monografias;0;
Energeticos;3;e5;monografias;0;
Energia diferentes tipos;3;e6;monografias;0;
Energia;3;e7;monografias;0;
Estados fisicos materia;3;e8;monografias;0;
Esqueleto;3;e9;monografias;0;
Evolucion hombre;3;e10;monografias;0;
Enfermedades respiratorias;3;e11;monografias;0;
Excrecion;3;e12;monografias;0;
Enfermedades gastrointestinales;3;e13;monografias;0;
Enfermedades epidemicas;3;e14;monografias;0;
Enfermedades venereas;3;e15;monografias;0;
Enfermedades;3;e16;monografias;0;
Edad contemporanea;3;e17;monografias;0;
Edad media;3;e18;monografias;0;
Edad antigua;3;e19;monografias;0;
Edad moderna;3;e20;monografias;0;
Enseñanaza en mexico;3;e21;monografias;0;
Erosion;3;e22;monografias;0;
Electricidad 1;3;e23;monografias;0;
Electricidad 2;3;e24;monografias;0;
Electrostatica;3;e25;monografias;0;
Estructura interna de la tierra;3;e26;monografias;0;
Evolucion corteza terrestre 1;3;e27;monografias;0;
Evolucion corteza terrestre 2;3;e28;monografias;0;
Eras geologicas 1;3;e29;monografias;0;
Eras geologicas 2;3;e30;monografias;0;
Era cenozoica;3;e31;monografias;0;
Era mesozoica;3;e32;monografias;0;
Educacion vial 1;3;e33;monografias;0;
Educacion vial 2;3;e34;monografias;0;
Estaciones del año 1;3;e35;monografias;0;
Estaciones del año 2;3;e36;monografias;0;
Emperadores azteca;3;e37;monografias;0;
Emiliano zapata;3;e38;monografias;0;
Grupos etnicos mexico;3;e39;monografias;0;
Etnias tarahumaras;3;e40;monografias;0;
Etnias tzeltzales tzotziles;3;e41;monografias;0;
Etnias otomies mazahuas;3;e42;monografias;0;
Escudo estado mexico;3;e43;monografias;0;
Escudo nacional;3;e44;monografias;0;
Escudos armas 1;3;e45;monografias;0;
Escudos armas 2;3;e46;monografias;0;
Escudos armas 3;3;e47;monografias;0;
Escudo estados de la republica mexicana;3;e48;monografias;0;
Estado baja california;3;e49;monografias;0;
Estado baja california sur;3;e50;monografias;0;
Estado durango;3;e51;monografias;0;
Estado tabasco;3;e52;monografias;0;
Estado aguascalientes;3;e53;monografias;0;
Estado de mexico;3;e54;monografias;0;
Estado guerrero;3;e55;monografias;0;
Estado guanajuato;3;e56;monografias;0;
Estado jalisco;3;e57;monografias;0;
Estado hidalgo;3;e58;monografias;0;
Estado michoacan;3;e59;monografias;0;
Estado chihuahua;3;e60;monografias;0;
Estado chiapas;3;e61;monografias;0;
Estado campeche;3;e62;monografias;0;
Estado coahuila;3;e63;monografias;0;
Estado colima;3;e64;monografias;0;
Ecologia acciones necesarias;3;e65;monografias;0;
Ecologia;3;e66;monografias;0;
Edad metales;3;e67;monografias;0;
Embarazo en la adolescencia;3;e68;monografias;0;
Equidad de genero 1;3;e69;monografias;0;
Equidad de genero 2;3;e70;monografias;0;
Ecosistemas biodiversidad;3;e71;monografias;0;
Familia;3;f1;monografias;0;
Familia 2;3;f2;monografias;0;
Flor;3;f3;monografias;0;
Flores;3;f4;monografias;0;
Futbol y beisbol;3;f5;monografias;0;
Fuerza y movimiento;3;f6;monografias;0;
Fosiles 1;3;f7;monografias;0;
Fosiles 2;3;f8;monografias;0;
Formas lenguaje;3;f9;monografias;0;
Fotosintesis;3;f10;monografias;0;
Fenomenos naturales 1;3;f11;monografias;0;
Fenomenos naturales 2;3;f12;monografias;0;
fenomenos naturales 3;3;f13;monografias;0;
Sismos;3;f14;monografias;0;
Flora y fauna mexico;3;f15;monografias;0;
Fauna de mexico;3;f16;monografias;0;
Familias vegetales ( criptogamas fanerogamas);3;f17;monografias;0;
Fauna nociva;3;f18;monografias;0;
Fenomenos quimicos;3;f19;monografias;0;
Figuras y cuerpos geometricos;3;f20;monografias;0;
Frutas;3;f21;monografias;0;
Garantias individuales;3;g1;monografias;0;
Germinacion (planta);3;g2;monografias;0;
Gravedad;3;g3;monografias;0;
Grandes descubrimientos humanidad;3;g4;monografias;0;
Geografia fisica;3;g5;monografias;0;
Galaxias y via lactea;3;g6;monografias;0;
Geografia mexico 1;3;g7;monografias;0;
Geografia mexico 2;3;g8;monografias;0;
Guerra con estados unidos;3;g9;monografias;0;
Glandulas secrecion interna;3;g10;monografias;0;
Gallina y derivados;3;g11;monografias;0;
Granja;3;g12;monografias;0;
Heroes Independencia;3;h1;monografias;0;
Caudillos Independencia;3;h2;monografias;0;
Higiene escolar;3;h3;monografias;0;
Horizontes culturales;3;h4;monografias;0;
Himno nacional;3;h5;monografias;0;
Humanismo;3;h6;monografias;0;
Herramientas trabajo y agricultura;3;h7;monografias;0;
Herramientas y utensilios;3;h8;monografias;0;
Hebreos;3;h9;monografias;0;
Hebreos palestina;3;h10;monografias;0;
Historias futbol;3;h11;monografias;0;
Historias pesca;3;h12;monografias;0;
Historia mineria;3;h13;monografias;0;
Historia ganaderia;3;h14;monografias;0;
Historia teatro cine tv;3;h15;monografias;0;
Historia musica;3;h16;monografias;0;
Historia correo;3;h17;monografias;0;
Historia armas;3;h18;monografias;0;
Historia transporte;3;h19;monografias;0;
Historia rueda;3;h20;monografias;0;
Historia biologia;3;h21;monografias;0;
Historia quimica;3;h22;monografias;0;
Historia matematicas;3;h23;monografias;0;
Historia numeros pesas medidas;3;h24;monografias;0;
Historia vestido 1;3;h25;monografias;0;
Historia vestido 2;3;h26;monografias;0;
Historia papel escritura;3;h27;monografias;0;
Historia de la imprenta;3;h28;monografias;0;
Historia de la fisica 1;3;h29;monografias;0;
Historia de la fisica 2;3;h30;monografias;0;
Historia banderas mexicanas;3;h31;monografias;0;
Historia bandera nacional;3;h32;monografias;0;
Hombre primitivo;3;h33;monografias;0;
Prehistoria america;3;h34;monografias;0;
Hongos;3;h35;monografias;0;
Hoja;3;h36;monografias;0;
Historia geografia;3;h37;monografias;0;
Inventores 1;3;i1;monografias;0;
Inventores 2;3;i2;monografias;0;
Inventores 3;3;i3;monografias;0;
Inversion termica;3;i4;monografias;0;
Inventos 1;3;i5;monografias;0;
Inventos 2;3;i6;monografias;0;
Influenza H1N1;3;i7;monografias;0;
Invierno;3;i8;monografias;0;
Instrumentos musicales 1;3;i9;monografias;0;
Instrumentos musicales 2;3;i10;monografias;0;
Instrumentos musicales 3;3;i11;monografias;0;
Instrumentos musicales 4;3;i12;monografias;0;
Insectos 1;3;i13;monografias;0;
Insectos 2;3;i14;monografias;0;
Invasion norteamericana;3;i15;monografias;0;
Insectos 3;3;i16;monografias;0;
Importaciones exportaciones mexico;3;i17;monografias;0;
Invertebrados;3;i18;monografias;0;
Indigenas norteamerica;3;i19;monografias;0;
Indigenas centro sudamerica;3;i20;monografias;0;
Industria robotica;3;i21;monografias;0;
Industria automotriz;3;i22;monografias;0;
Independencia mexico bicentenario;3;i23;monografias;0;
Independencia mexico Iniciacion;3;i24;monografias;0;
Independencia mexico Iniciacion ruta hidalgo;3;i25;monografias;0;
Ignacio allende;3;i26;monografias;0;
Independencia antecedentes;3;i27;monografias;0;
Independencia consumacion;3;i28;monografias;0;
Imperialismo;3;i29;monografias;0;
Informe presidencial transmision poderes;3;i30;monografias;0;
Instrumentos laboratorio fisica;3;i32;monografias;0;
Juguetes niño;3;j1;monografias;0;
Juguetes niña;3;j2;monografias;0;
Jose maria morelos y pavon;3;j3;monografias;0;
Japon;3;j4;monografias;0;
Literatura universal;3;l1;monografias;0;
Leyes reforma;3;l2;monografias;0;
Literatura universal 2;3;l3;monografias;0;
Literatura española siglo oro;3;l4;monografias;0;
Luna;3;l5;monografias;0;
Limpieza ciudad;3;l6;monografias;0;
Lagos;3;l7;monografias;0;
Leyendas mexico;3;l8;monografias;0;
lenguas y dilectos de Mexico;3;l9;monografias;0;
Maquinas simples compuestas;3;m1;monografias;0;
Montañas;3;m2;monografias;0;
Modernismo;3;m3;monografias;0;
Movimiento estudiantil 2 octubre;3;m4;monografias;0;
Mamiferos;3;m5;monografias;0;
Mamiferos 2;3;m6;monografias;0;
Materia energia;3;m7;monografias;0;
Mapamundi;3;m8;monografias;0;
Movimiento rotacion;3;m9;monografias;0;
Movimiento translacion;3;m10;monografias;0;
Madera y derivados;3;m11;monografias;0;
Madera dia del arbol 12 julio;3;m12;monografias;0;
Migracion movimientos migratorios;3;m13;monografias;0;
Medio seres vivos;3;m14;monografias;0;
Minerales no metalicos;3;m15;monografias;0;
Minerales metalicos;3;m16;monografias;0;
Monedas mexico;3;m17;monografias;0;
Monedas mexicanas;3;m18;monografias;0;
Miguel hidalgo costilla;3;m19;monografias;0;
Melchor ocampo epistola;3;m20;monografias;0;
Mesoamerica;3;m21;monografias;0;
Mesolitico;3;m22;monografias;0;
Mesopotamia babilonia;3;m23;monografias;0;
Mitologia greco romana;3;m24;monografias;0;
Monarquia;3;m25;monografias;0;
Mar abisal;3;m26;monografias;0;
Mares oceanos;3;m27;monografias;0;
Mar region marina;3;m28;monografias;0;
Microorganismos y salud;3;m29;monografias;0;
Microbios bacilos;3;m30;monografias;0;
Moluscos;3;m31;monografias;0;
Moleculas;3;m32;monografias;0;
Municipio;3;m33;monografias;0;
Materia propiedades de los cuerpos;3;m34;monografias;0;
Movimiento obrero;3;m35;monografias;0;
Medicion del tiempo;3;m36;monografias;0;
Historia medicina 1;3;m37;monografias;0;
Historia medicina 2;3;m38;monografias;0;
Microscopio;3;m39;monografias;0;
Musicos internacionales 3;3;m40;monografias;0;
Mexico moderno 1988-2000;3;m41;monografias;0;
Mexico moderno 2000-2012;3;m42;monografias;0;
Mezclas homogeneas heterogeneas;3;m43;monografias;0;
Nubes;3;n1;monografias;0;
Nueva españa;3;n2;monografias;0;
Nutricion;3;n3;monografias;0;
Niños heroes;3;n4;monografias;0;
Numeros;3;n6;monografias;0;
Numeros romanos;3;n6;monografias;0;
Origen y uso maiz;3;o1;monografias;0;
Oxigeno e hidrogeno;3;o2;monografias;0;
Origen del hombre americano;3;o3;monografias;0;
Oceania politica;3;o4;monografias;0;
Otoño;3;o5;monografias;0;
Obligaciones niños niñas;3;o6;monografias;0;
Objetos tipicos mexicanos 2;3;o7;monografias;0;
Objetos tipicos mexicanos 2;3;o8;monografias;0;
Origen y formacion tierra;3;o9;monografias;0;
Olimpiadas;3;o10;monografias;0;
Onu;3;o11;monografias;0;
Onu 24 octubre;3;o12;monografias;0;
Organizacion estados americanos;3;o13;monografias;0;
Proteccion civil;3;p1;monografias;0;
Placas tectonicas;3;p2;monografias;0;
Problemas sociales;3;p3;monografias;0;
Primeros auxilios;3;p4;monografias;0;
Plantas peligro extincion;3;p5;monografias;0;
Planta;3;p6;monografias;0;
Plantas comestibles;3;p7;monografias;0;
Personas capacidad diferente;3;p8;monografias;0;
Piedras preciosas;3;p9;monografias;0;
Pintura mural;3;p10;monografias;0;
Porfirismo;3;p11;monografias;0;
Plan guadalupe;3;p12;monografias;0;
Planetas;3;p13;monografias;0;
Palancas;3;p14;monografias;0;
Presidentes mexico 2;3;p15;monografias;0;
Presidentes mexico 1;3;p16;monografias;0;
Presidentes mexico 3;3;p17;monografias;0;
Presidentes mexico 4;3;p18;monografias;0;
Primavera;3;p19;monografias;0;
Peces 1;3;p20;monografias;0;
Peces 2;3;p21;monografias;0;
Peces 3;3;p22;monografias;0;
Piramide alimenticia;3;p23;monografias;0;
Plato buen comer;3;p24;monografias;0;
Plato buen comer 16 octubre dia mundial alimentacion;3;p24;monografias;0;
Jarra del buen beber 16 octubre dia mundial alimentacion;3;j5;monografias;0;
Prehistoria neolitica;3;p25;monografias;0;
Prehistoria paleolitica;3;p26;monografias;0;
Pradera;3;p27;monografias;0;
Pastizales;3;p28;monografias;0;
Persas y medos;3;p29;monografias;0;
Primera guerra mundial;3;p30;monografias;0;
Derivado petroleo;3;p31;monografias;0;
Petroquimica;3;p32;monografias;0;
Expropiacion petrolera 1;3;p33;monografias;0;
Expropiacion petrolera 2;3;p34;monografias;0;
Extraccion petroleo;3;p35;monografias;0;
Petroleo mexicano;3;p36;monografias;0;
Partidos politicos;3;p37;monografias;0;
Principales articulos constitucion;3;p38;monografias;0;
Presidentes mexico hasta epn;3;p39;monografias;0;
Parto;3;p40;monografias;0;
Planisferio;3;p41;monografias;0;
Pehistoria;3;p42;monografias;0;
Quimica inorganica;3;q1;monografias;0;
Quimica inorganica 2;3;q2;monografias;0;
Quimica organica;3;q3;monografias;0;
Quimica organica 2;3;q4;monografias;0;
Revolucion mexicana antecedentes;3;r1;monografias;0;
Revolucion mexicana plan san luis;3;r2;monografias;0;
Revolucion mexicana centenario;3;r3;monografias;0;
Reforma y contrareforma;3;r4;monografias;0;
Revolucion mexicana venustiano carranza;3;r5;monografias;0;
Revolucion mexicana 20 noviembre;3;r6;monografias;0;
Revolucion industrial;3;r7;monografias;0;
Revolucion industrial 2;3;r8;monografias;0;
Revolucion china;3;r9;monografias;0;
Rabia hidrofobia prevencion;3;r10;monografias;0;
Reciclaje;3;r11;monografias;0;
Renacimiento;3;r12;monografias;0;
Rotacion translacion tierra;3;r13;monografias;0;
Rotacion translacion tierra 2;3;r14;monografias;0;
Razas humanas;3;r15;monografias;0;
Razas humanas 2;3;r16;monografias;0;
Razas humanas 3;3;r17;monografias;0;
Rios;3;r18;monografias;0;
Regiones naturales taiga zonas montañosas;3;r19;monografias;0;
Regiones naturales monzon;3;r20;monografias;0;
Regiones naturales mexico;3;r21;monografias;0;
Recursos naturales renovables y no renovables;3;r22;monografias;0;
Romanticismo español;3;r23;monografias;0;
Romanticismo;3;r24;monografias;0;
Reproduccion animales;3;r25;monografias;0;
Razas perros;3;r26;monografias;0;
Reino vegetal;3;r27;monografias;0;
reino vegetal 2;3;r28;monografias;0;
Reino animal a;3;r29;monografias;0;
Reptiles y batracios;3;r30;monografias;0;
Religiones;3;r31;monografias;0;
Religiones dioses aztecas;3;r32;monografias;0;
Revolucion rusa;3;r33;monografias;0;
Revolucion francesa;3;r34;monografias;0;
Reglamento dentro de la escuela (valores civicos en los niños);3;r35;monografias;0;
Republica Mexicana;3;r36;monografias;0;
Reproduccion del ser humanao;3;r37;monografias;0;
Sabanas;3;s1;monografias;0;
Sabana;3;s2;monografias;0;
Sistema metrico decimal;3;s3;monografias;0;
Segunda guerra mundial;3;s4;monografias;0;
Sida vih;3;s5;monografias;0;
Sida vih 2;3;s6;monografias;0;
Sistema numeracion;3;s7;monografias;0;
Sistema numeracion matematicas;3;s8;monografias;0;
Sor juana ines de la cruz;3;s9;monografias;0;
Sor juana ines de la cruz 2;3;s10;monografias;0;
Sor juana ines de la cruz 3;3;s11;monografias;0;
Simbolos patrios;3;s12;monografias;0;
Socialismo;3;s13;monografias;0;
Sistema eduacativo mexicano;3;s14;monografias;0;
Servidores publicos;3;s15;monografias;0;
Servicios publicos;3;s16;monografias;0;
Sistema solar y galaxias;3;s17;monografias;0;
Sistema solar;3;s18;monografias;0;
Satelites;3;s19;monografias;0;
Sol;3;s20;monografias;0;
Seguridad social 1;3;s21;monografias;0;
Seguridad social 2;3;s22;monografias;0;
Servicios sociales;3;s23;monografias;0;
Seguridad industrial;3;s24;monografias;0;
Sonido;3;s25;monografias;0;
Serpientes;3;s26;monografias;0;
Sentido olfato;3;s27;monografias;0;
Sentidos;3;s28;monografias;0;
Sentido gusto;3;s29;monografias;0;
Sentido tacto;3;s30;monografias;0;
Sistema inmunologico;3;s31;monografias;0;
Sentido vista;3;s32;monografias;0;
Sentido oido;3;s33;monografias;0;
Oido;3;s34;monografias;0;
Sistema locomotor;3;s35;monografias;0;
Sistema muscular;3;s36;monografias;0;
Sistema oseo;3;s37;monografias;0;
Sistema nervioso;3;s38;monografias;0;
Sistema nervioso 2;3;s39;monografias;0;
Sistema nervioso 3;3;s40;monografias;0;
Seres vivos seres muertos factores bioticos y abioticos 1;3;s41;monografias;0;
Seres vivos seres muertos factores bioticos y abioticos 2;3;s42;monografias;0;
Sustancias toxicas;3;s43;monografias;0;
Transportes maritimos;3;t1;monografias;0;
Transportes modernos;3;t2;monografias;0;
Termometro aplicaciones;3;t3;monografias;0;
Termometros;3;t4;monografias;0;
Terrorismo;3;t5;monografias;0;
Tabaquismo;3;t6;monografias;0;
Tradiciones leyendas mexicanas;3;t7;monografias;0;
Tardiciones mexicanas 1;3;t8;monografias;0;
Trajes tipicos escudos mexico;3;t9;monografias;0;
Trajes regionales escudos mexico;3;t10;monografias;0;
Trajes tipicos europa;3;t11;monografias;0;
Trajes regionales escudos mexico 1;3;t12;monografias;0;
Taiga;3;t13;monografias;0;
Tundra;3;t14;monografias;0;
Tres poderes;3;t15;monografias;0;
Trece colonias;3;t16;monografias;0;
Tierra;3;t17;monografias;0;
Trigo derivados;3;t18;monografias;0;
Tabla periodica de los elementos;3;t19;monografias;0;
Tabla cuantica elementos quimicos;3;t20;monografias;0;
Tablas multiplicar;3;t21;monografias;0;
Tipos suelos;3;t22;monografias;0;
Universo;3;u1;monografias;0;
Universo 2;3;u2;monografias;0;
Violencia intrafamiliar;3;v1;monografias;0;
Vertebrados;3;v2;monografias;0;
Verduras y frutas;3;v3;monografias;0;
Hortalizas verduras legumbres;3;v4;monografias;0;
Vitaminas;3;v5;monografias;0;
Virus;3;v6;monografias;0;
Vegetacion mexico;3;v7;monografias;0;
Valles y cañones;3;v8;monografias;0;
Valores eticos civicos y valores niños;3;v9;monografias;0;
Valores universales;3;v10;monografias;0;
Volcanes;3;v11;monografias;0;
Volcanes y terremotos;3;v12;monografias;0;
Virreyes mexico;3;v13;monografias;0;
Virreyes;3;v14;monografias;0;
Sueros vacunas;3;v15;monografias;0;
Vaca y derivados;3;v16;monografias;0;
Zonas volcanicas sismicas mexico;3;v17;monografias;0;
Verano;3;v18;monografias;0;
Violencia contra la mujer;3;v19;monografias;0;
Zoologia;3;z1;monografias;0;
Papel corrugado;20;;papel;0;
Papel america;6;;papel;0;
Papel crepe;8;;papel;0;
Papel china;2;;papel;0;
Cartulina blanca;4;;papel;0;
Cartulina color;6;;papel;0;
Cartulina fosforecente;8;;papel;0;
Cartulina iris;10;;papel;0;
Contact ;9;;hule;0;
Hule cristal normal;15;;hule;0;
Hule cristal chico;8;;hule;0;
Papel bond;4;;papel;0;
Fomi diamantado pliego;20;;papel;0;
Fomi diamantado carta;5;;papel;0;
Fomi normal carta;2;;papel;0;
Fomi normal pliego;20;;papel;0;
Papel lustre;4;;papel;0;
Celofan;5;;hule;0;
Papel metalico arugado;6;;papel;0;
Mica pliego;17;;hule;0;
Papel regalo varios;10;;regalos_fiestas;0;
Papel regalo metalico;8;;regalos_fiestas;0;
Papel cople - kople;20;;papel;0;
Papel mina gris;5;;papel;0;
Cartulina blanca opalina;5;;papel;0;
Papel ladrillo;5;;papel;0;
Papel kraft;8;;papel;0;
Papel manila;2;;papel;0;
Papel roca;5;;papel;0;
Cascaron 1/8;9;;papel;0;
Cascaron 1/4;12;;papel;0;
Ilustracion 1/8;10;;papel;0;
Ilustracion 1/4;13;;papel;0;
Placa unicel 100x50x1;18;;unicel;0;
Placa unicel 50x50x2;15;;unicel;0;
Placa unicel 50x50x1;8;;unicel;0;
Moños armados;1;;regalos_fiestas;0;
Sentido del oido con nombres;1;1;esquemas;0;
Sentido del oido sin nombres;1;1;esquemas;0;
Los dientes con nombres;1;2;esquemas;0;
Los dientes sin nombres;1;2;esquemas;0;
Sentido del gusto con nombres;1;3;esquemas;0;
Sentido del gusto sin nombres;1;3;esquemas;0;
Sentido de la vista con nombres;1;4;esquemas;0;
Sentido de la vista sin nombres;1;4;esquemas;0;
Sentido del tacto con nombres;1;5;esquemas;0;
Sentido del tacto sin nombres;1;5;esquemas;0;
Sentido del olfato con nombres ;1;6;esquemas;0;
Sentido del olfato sin nombres ;1;6;esquemas;0;
Sentido del oido con nombres;1;7;esquemas;0;
Sentido del oido sin nombres;1;7;esquemas;0;
Sistema cerebral con nombres;1;8;esquemas;0;
Sistema cerebral sin nombres;1;8;esquemas;0;
Sistema oseo con nombres;1;9;esquemas;0;
Sistema oseo sin nombres;1;9;esquemas;0;
Sistema nervioso con nombres;1;10;esquemas;0;
Sistema nervioso sin nombres;1;10;esquemas;0;
Aparato digestivo con nombres;1;11;esquemas;0;
Aparato digestivo sin nombres;1;11;esquemas;0;
Aparato respiratorio con nombres;1;12;esquemas;0;
Aparato respiratorio sin nombres;1;12;esquemas;0;
Aparato circulatario con nombres;1;13;esquemas;0;
Aparato circulatario sin nombres;1;13;esquemas;0;
Sistema urinario con nombres;1;14;esquemas;0;
Sistema urinario sin nombres;1;14;esquemas;0;
Aparato excretor con nombres;1;15;esquemas;0;
Aparato excretor sin nombres;1;15;esquemas;0;
Aparato reproductor femenino con nombres;1;16;esquemas;0;
Aparato reproductor femenino sin nombres;1;16;esquemas;0;
Aparato reproductor masculino con nombres;1;17;esquemas;0;
Aparato reproductor masculino sin nombres;1;17;esquemas;0;
El corazon con nombres;1;18;esquemas;0;
El corazon sin nombres;1;18;esquemas;0;
Craneo con nombres;1;19;esquemas;0;
Craneo sin nombres;1;19;esquemas;0;
El cuerpo humano con nombres;1;20;esquemas;0;
El cuerpo humano sin nombres;1;20;esquemas;0;
Muscular de dorso con nombres;1;21;esquemas;0;
Muscular de dorso sin nombres;1;21;esquemas;0;
Musculos frontales con nombres;1;22;esquemas;0;
Musculos frontales sin nombres;1;22;esquemas;0;
Sistema solar con nombres;1;23;esquemas;0;
Sistema solar sin nombres;1;23;esquemas;0;
Microscopio con nombres;1;24;esquemas;0;
Microscopio sin nombres;1;24;esquemas;0;
Papel estrellas nacimientos;5;;papel;0;
Cartoncillo;5;;papel;0;
Africa media cartulina con nombres;5;;mapas;0;
Africa media cartulina sin nombres;5;;mapas;0;
Mapamundi media cartulina con nombres;5;;mapas;0;
Mapamundi media cartulina sin nombres;5;;mapas;0;
Republica mexicana media cartulina con nombres;5;;mapas;0;
Planisferio media cartulina con nombres;5;;mapas;0;
Planisferio media cartulina sin nombres;5;;mapas;0;
America media cartulina sin nombres;5;;mapas;0;
Republica mexicana cartulina con nombres;10;;mapas;0;
Republica mexicana cartulina sin nombres;10;;mapas;0;
Estado de Mexico media cartulina con nombres;10;;mapas;0;
Estado de Mexico media cartulina sin nombres;10;;mapas;0;
Planisferio cartulina con nombres;10;;mapas;0;
Planisferio cartulina sin nombres;10;;mapas;0;
Mapamundi cartulina con nombres;10;;mapas;0;
Mapamundi cartulina sin nombres;10;;mapas;0;
Distrito federal mini con nombres;1;;mapas;0;
Distrito federal mini sin nombres;1;;mapas;0;
Estado de Mexico mini con nombres;1;;mapas;0;
Estado de Mexico mini sin nombres;1;;mapas;0;
Republica mexicana mini con nombres;1;;mapas;0;
Republica mexicana mini sin nombres;1;;mapas;0;
Mapamundi mini con nombres;1;;mapas;0;
Mapamundi mini sin nombres;1;;mapas;0;
Planisferio mini con nombres;1;;mapas;0;
Planisferio mini sin nombres;1;;mapas;0;
Europa mini con nombres;1;;mapas;0;
Europa mini sin nombres;1;;mapas;0;
America mini con nombres;1;;mapas;0;
America mini sin nombres;1;;mapas;0;
Asia mini con nombres;1;;mapas;0;
Asia mini sin nombres;1;;mapas;0;
Africa mini con nombres;1;;mapas;0;
Africa mini sin nombres;1;;mapas;0;
Oceania mini con nombres;1;;mapas;0;
Oceania mini sin nombres;1;;mapas;0;
Tabla 10x10;2;;madera;0;
Tabla 15x15;2;;madera;0;
Tabla 20x30;5;;madera;0;
Tabla 30x30;8;;madera;0;
Tabla 30x40;10;;madera;0;
Tabla 40x40;12;;madera;0;
Reglas de corte varios modelos;0;;madera;0;
Palito 60cm;2;;madera;0;
Palito 30cm;2;;madera;0;
Palito 45cm;2;;madera;0;
